"store_type","total_sales","percentage_of_total_sales","count_of_orders"
"Local",4191902.01999959,65.00963681833659,"77714"
"Super Store",1043067.7199999979,16.176297377803905,"19107"
"Mall Kiosk",704362.4400000063,10.92352497611151,"13041"
"Outlet",507724.0900000025,7.873981437863816,"9145"
"Web Portal",1067.77,0.016559389884194396,"43"
